<?xml version="1.0" encoding="UTF-8"?>
<configuration>
	<properties>
		<property name="name">piv-signer</property>
		<property name="pattern">%d{yyyy-MM-dd HH:mm:ss.SSS} - %-8.8p - %C:%L - %msg%n</property>
	</properties>
	<appenders>
		<Console name="Console" target="SYSTEM_OUT">
			<PatternLayout pattern="${pattern}"/>
		</Console>
		<RollingFile name="RollingFile" fileName="logs/${name}.log"
				 filePattern="logs/$${date:yyyy-MM}/${name}-%d{yyyy-MM-dd}-%i.log.gz">
			<PatternLayout>
				<pattern>${pattern}</pattern>
			</PatternLayout>
			<Policies>
				<TimeBasedTriggeringPolicy /><!-- Rotated everyday -->
				<SizeBasedTriggeringPolicy size="10 MB"/> <!-- Or every 100 MB -->
			</Policies>
		</RollingFile>
	</appenders>
	<loggers>
		<root level="debug"> <!-- We log everything -->
			<appender-ref ref="Console"/> <!-- To console -->
			<appender-ref ref="RollingFile"/> <!-- And to a rotated file -->
		</root>
	</loggers>
</configuration>